{
    "skinWeights":[],
    "metadata":{
        "generator":"io_three",
        "faces":68,
        "vertices":36,
        "materials":1,
        "version":3,
        "uvs":1,
        "type":"Geometry",
        "normals":68
    },
    "uvs":[[1.14803,0.904975,0.88266,0.662068,1.27899,0.640665,1.57279,0.803329,-0.269549,0.859119,0.118367,1.04084,-0.474483,1.06481,0.307686,0.653097,0.433795,0.440277,0.611838,0.581852,-0.345521,0.162825,-0.163358,0.413209,-0.312254,0.473714,1.79351,1.06481,-0.695209,0.803329,-0.49714,0.36415,0.623595,0.852042,-0.001528,0.685406,1.74564,-0.271962,0.815509,-0.140916,0.430059,-0.273497,0.272267,-0.056687,0.55702,0.168953,0.35948,0.196197,0.178954,0.232924,0.784611,0.168278,-0.046317,0.222776,0.078746,0.456901,0.011673,-0.115405,1.39255,0.336072,1.57287,0.394855,1.77086,0.36415,1.03521,-0.008376,1.02231,0.249461,1.25234,0.186764,1.11868,0.488688,-0.665351,0.087295,-0.522352,-0.271962,1.40705,-0.028736,1.60264,0.087295,-0.221375,-0.017977]],
    "skinIndices":[],
    "faces":[42,2,24,14,0,0,1,2,0,0,0,42,2,14,33,0,0,2,3,1,1,1,42,22,21,27,0,4,5,6,2,2,2,42,19,5,30,0,7,8,9,3,3,3,42,25,7,17,0,10,11,12,4,4,4,42,2,27,21,0,0,13,5,5,5,5,42,33,12,22,0,14,15,4,6,6,6,42,24,6,30,0,1,16,9,7,7,7,42,1,17,7,0,17,12,11,8,8,8,42,11,16,35,0,18,19,20,9,9,9,42,4,29,3,0,21,22,23,10,10,10,42,1,22,17,0,17,4,12,11,11,11,42,18,3,5,0,24,23,8,12,12,12,42,30,29,23,0,9,22,25,13,13,13,42,5,19,18,0,8,7,24,14,14,14,42,1,19,21,0,17,7,5,15,15,15,42,7,25,28,0,11,10,26,16,16,16,42,2,33,27,0,0,3,13,17,17,17,42,1,28,13,0,17,26,27,18,18,18,42,34,4,18,0,28,21,24,19,19,19,42,33,9,10,0,3,29,30,20,20,20,42,33,10,12,0,3,30,31,21,21,21,42,1,7,28,0,17,11,26,22,22,22,42,33,14,9,0,3,2,29,23,23,23,42,6,24,2,0,16,1,0,24,24,24,42,18,13,28,0,24,27,26,25,25,25,42,19,1,13,0,7,17,27,26,26,26,42,4,3,18,0,21,23,24,27,27,27,42,6,21,30,0,16,5,9,28,28,28,42,1,21,22,0,17,5,4,29,29,29,42,3,29,5,0,23,22,8,30,30,30,42,30,23,24,0,9,25,1,31,31,31,42,4,34,35,0,21,28,20,32,32,32,42,5,29,30,0,8,22,9,33,33,33,42,30,21,19,0,9,5,7,34,34,34,42,23,20,31,0,25,32,33,35,35,35,42,15,26,31,0,34,35,33,36,36,36,42,32,11,25,0,36,37,10,37,37,37,42,0,15,20,0,38,34,32,38,38,38,42,24,31,26,0,1,33,35,39,39,39,42,17,22,12,0,12,4,15,40,40,40,42,35,23,29,0,20,25,22,41,41,41,42,25,12,32,0,10,15,36,42,42,42,42,21,6,2,0,5,16,0,43,43,43,42,13,18,19,0,27,24,7,44,44,44,42,34,18,28,0,28,24,26,45,45,45,42,0,11,32,0,38,18,39,46,46,46,42,25,8,28,0,10,40,26,47,47,47,42,25,17,12,0,10,12,15,48,48,48,42,15,0,32,0,34,38,39,49,49,49,42,4,35,29,0,21,20,22,50,50,50,42,14,26,9,0,2,35,29,51,51,51,42,10,32,12,0,30,39,31,52,52,52,42,11,20,16,0,18,32,19,53,53,53,42,8,25,11,0,40,10,37,54,54,54,42,16,23,35,0,19,25,20,55,55,55,42,11,0,20,0,18,38,32,56,56,56,42,26,15,9,0,35,34,29,57,57,57,42,15,32,9,0,34,39,29,58,58,58,42,22,27,33,0,4,6,14,59,59,59,42,32,10,9,0,39,30,29,60,60,60,42,24,23,31,0,1,25,33,61,61,61,42,8,34,28,0,40,28,26,62,62,62,42,15,31,20,0,34,33,32,63,63,63,42,23,16,20,0,25,19,32,64,64,64,42,14,24,26,0,2,1,35,65,65,65,42,34,8,11,0,28,40,37,66,66,66,42,11,35,34,0,37,20,28,67,67,67],
    "name":"IcosphereGeometry",
    "normals":[0.150048,0.959904,-0.236789,0.143926,0.96057,-0.237887,-0.117962,0.978917,0.166754,0.323437,0.181735,0.928634,-0.96313,0.264461,0.049398,0.366655,0.921108,-0.13086,-0.904493,0.325645,-0.275404,0.499348,0.860245,0.103102,-0.677518,0.711189,0.187563,0.103933,-0.983826,0.145888,0.351591,-0.691561,0.630973,-0.856611,0.245432,0.453851,0.456499,0.025025,0.889372,0.946044,-0.014166,0.323729,0.340429,0.195934,0.919629,-0.129799,0.722088,0.679516,-0.964354,0.028235,0.263105,0.295458,0.819527,-0.491,-0.67096,0.394229,0.62801,0.261272,-0.736419,0.624038,-0.278617,0.155756,-0.947688,-0.844139,0.135107,-0.518821,-0.687419,0.39787,0.607581,-0.197074,0.203799,-0.958972,0.170351,0.927784,-0.33196,-0.367556,0.06481,0.92774,-0.146036,0.536592,0.831109,0.343411,-0.69096,0.636115,0.287915,0.904223,0.315412,-0.20824,0.751082,0.626507,0.469879,0.019122,0.882523,0.967954,0.247821,0.04062,0.515251,-0.846404,0.134598,0.480172,0.027714,0.876736,0.158076,0.79305,0.588289,0.59918,-0.790949,-0.124031,0.188978,0.173168,-0.966592,-0.499816,-0.705407,-0.502578,0.198905,-0.789513,-0.580608,0.653777,0.498762,-0.569044,-0.765449,0.469548,-0.440015,0.549422,-0.835482,0.010226,-0.737843,0.024427,-0.67453,-0.033895,0.961174,-0.273853,-0.002573,0.342586,0.939483,-0.27112,-0.672401,0.688746,-0.207063,-0.728042,-0.653513,-0.736772,-0.650131,0.185731,-0.84503,0.286133,-0.451721,-0.152467,-0.628328,-0.762861,0.47595,-0.872967,0.10677,0.334377,-0.099328,-0.93719,-0.854499,-0.150414,-0.4972,0.135242,-0.827961,-0.544234,-0.501226,-0.784768,-0.36457,0.601904,-0.708413,0.368595,0.201426,-0.881133,-0.427822,0.220673,0.15663,-0.962689,-0.187599,-0.505546,-0.842158,-0.966675,0.064531,-0.247739,-0.374985,-0.284033,-0.882446,0.972407,0.206703,-0.108156,-0.664201,-0.710503,0.232427,0.230025,-0.769521,-0.595756,0.744295,-0.599449,-0.294425,0.632849,0.520469,-0.573248,-0.431785,-0.853194,-0.292612,0.394068,-0.886549,-0.242366],
    "materials":[{
        "colorEmissive":[0,0,0],
        "DbgIndex":0,
        "colorSpecular":[0.5,0.5,0.5],
        "blending":"NormalBlending",
        "specularCoef":50,
        "wireframe":false,
        "DbgName":"Material.002",
        "shading":"phong",
        "depthWrite":true,
        "visible":true,
        "transparent":false,
        "colorDiffuse":[0.64,0.64,0.64],
        "opacity":1,
        "depthTest":true,
        "DbgColor":15658734
    }],
    "vertices":[0.661447,-13.6003,-5.81272,-6.99648,0.049118,13.8794,2.56098,3.25324,-2.46909,4.34517,-11.4175,16.2837,1.4993,-16.4574,12.3455,6.61993,-4.68626,14.9267,5.06161,5.48104,5.04056,-13.4246,-5.03456,9.93566,-10.0704,-16.4403,6.57192,-0.639095,-6.38809,-10.668,-6.47542,-4.81636,-8.69378,-3.74975,-17.275,-0.321291,-10.0644,-4.23244,-2.70237,-6.88666,-5.43062,17.4366,3.67982,1.23662,-9.93513,4.67727,-9.53741,-9.96171,7.86583,-15.9245,0.510683,-13.251,-3.26922,3.86895,-2.28251,-11.5755,19.69,2.58599,0.400803,15.3361,8.7242,-12.1228,-5.05973,-1.03649,6.23562,8.44379,-9.33266,5.56963,6.4847,14.2915,-9.16932,3.00084,11.467,2.40076,-0.281396,-15.503,-11.3068,2.9906,8.28023,-2.15356,-7.93446,-7.13152,7.22451,-1.67307,-12.0061,-11.5991,15.8393,10.9123,-11.2718,12.784,11.3018,1.00276,12.1826,12.9015,-8.47168,-8.16287,-6.56327,-10.6899,-6.76595,-5.89309,3.26492,-7.5368,-4.51453,-20.4712,10.1268,4.83305,-15.3455,6.5759],
    "influencesPerVertex":2
}